[
  {
    "name": "Green_Butterfly",
    "minExp": 15,
    "maxExp": 20,
    "level": 5
  },
  {
    "name": "Rainbow_Butterfly",
    "minExp": 15,
    "maxExp": 20,
    "level": 5
  },
  {
    "name": "Silkworm_Butterfly",
    "minExp": 15,
    "maxExp": 20,
    "level": 5
  },
  {
    "name": "Greydwarf_Purple",
    "minExp": 50,
    "maxExp": 60,
    "level": 12
  },
  {
    "name": "Greydwarf_Purple_Shroom",
    "minExp": 50,
    "maxExp": 60,
    "level": 12
  },
  {
    "name": "BlackSpider",
    "minExp": 15,
    "maxExp": 25,
    "level": 9
  },
  {
    "name": "GreenSpider",
    "minExp": 25,
    "maxExp": 40,
    "level": 9
  },
  {
    "name": "BrownSpider",
    "minExp": 90,
    "maxExp": 160,
    "level": 18
  },
  {
    "name": "ForestSpider",
    "minExp": 60,
    "maxExp": 90,
    "level": 14
  },
  {
    "name": "TreeSpider",
    "minExp": 45,
    "maxExp": 70,
    "level": 7
  },
  {
    "name": "TanSpider",
    "minExp": 230,
    "maxExp": 290,
    "level": 50
  },
  {
    "name": "FrostSpider",
    "minExp": 140,
    "maxExp": 180,
    "level": 40
  },
  {
    "name": "FrigidSpider",
    "minExp": 180,
    "maxExp": 220,
    "level": 40
  },
  {
    "name": "Kraken",
    "minExp": 1380,
    "maxExp": 1620,
    "level": 51
  },
  {
    "name": "KrakenLD",
    "minExp": 1200,
    "maxExp": 2000,
    "level": 48
  },
  {
    "name": "ML_DraugrShip",
    "minExp": 500,
    "maxExp": 800,
    "level": 33
  },
  {
    "name": "ML_GoblinShip",
    "minExp": 600,
    "maxExp": 900,
    "level": 42
  },
  {
    "name": "Molluscan",
    "minExp": 420,
    "maxExp": 480,
    "level": 28
  },
  {
    "name": "MolluscanLand",
    "minExp": 320,
    "maxExp": 380,
    "level": 25
  },
  {
    "name": "ObsidianGolem",
    "minExp": 600,
    "maxExp": 850,
    "level": 49
  },
  {
    "name": "Surtling_Spawn",
    "minExp": 190,
    "maxExp": 230,
    "level": 28
  },
  {
    "name": "DwarfGoblin",
    "minExp": 300,
    "maxExp": 400,
    "level": 51
  },
  {
    "name": "DwarfGoblinLoot",
    "minExp": 300,
    "maxExp": 400,
    "level": 50
  },
  {
    "name": "DwarfGoblinShaman",
    "minExp": 500,
    "maxExp": 600,
    "level": 53
  },
  {
    "name": "ML_GoblinLox",
    "minExp": 600,
    "maxExp": 900,
    "level": 58
  },
  {
    "name": "NormalGhostWarrior",
    "minExp": 70,
    "maxExp": 110,
    "level": 15
  },
  {
    "name": "ChaosSkeletonWarrior",
    "minExp": 140,
    "maxExp": 200,
    "level": 18
  },
  {
    "name": "FireSkeletonWarrior",
    "minExp": 120,
    "maxExp": 180,
    "level": 21
  },
  {
    "name": "IceSkeletonWarrior",
    "minExp": 120,
    "maxExp": 180,
    "level": 21
  },
  {
    "name": "NormalSkeletonWarrior",
    "minExp": 10,
    "maxExp": 150,
    "level": 16
  },
  {
    "name": "PoisonSkeletonWarrior",
    "minExp": 210,
    "maxExp": 250,
    "level": 24
  },
  {
    "name": "MLNPC_Svartalfar0",
    "minExp": 400,
    "maxExp": 800,
    "level": 33
  },
  {
    "name": "WraithWarrior",
    "minExp": 300,
    "maxExp": 350,
    "level": 31
  },
  {
    "name": "DeepSea_Serpent",
    "minExp": 400,
    "maxExp": 600,
    "level": 35
  },
  {
    "name": "Spider_Boss",
    "minExp": 1300,
    "maxExp": 1600,
    "level": 70
  },
  {
    "name": "IceGolem",
    "minExp": 1700,
    "maxExp": 2000,
    "level": 72
  },
  {
    "name": "TrollGiant",
    "minExp": 800,
    "maxExp": 1000,
    "level": 39
  },
  {
    "name": "FireGolem",
    "minExp": 2000,
    "maxExp": 2400,
    "level": 75
  },
  {
    "name": "Succubus",
    "minExp": 200,
    "maxExp": 350,
    "level": 30
  },
  {
    "name": "Succubus_Queen1",
    "minExp": 400,
    "maxExp": 550,
    "level": 40
  },
  {
    "name": "Surtr",
    "minExp": 3200,
    "maxExp": 3700,
    "level": 85
  },
  {
    "name": "NightmareDragon",
    "minExp": 3000,
    "maxExp": 3500,
    "level": 81
  }
]