[
  {
    "name": "Boar",
    "minExp": 15,
    "maxExp": 20,
    "level": 5
  },
  {
    "name": "Deer",
    "minExp": 10,
    "maxExp": 20,
    "level": 3
  },
  {
    "name": "Neck",
    "minExp": 15,
    "maxExp": 20,
    "level": 5
  },
  {
    "name": "Greyling",
    "minExp": 25,
    "maxExp": 40,
    "level": 10
  },
  {
    "name": "Greydwarf",
    "minExp": 50,
    "maxExp": 60,
    "level": 12
  },
  {
    "name": "Greydwarf_Elite",
    "minExp": 100,
    "maxExp": 150,
    "level": 20
  },
  {
    "name": "Greydwarf_Shaman",
    "minExp": 80,
    "maxExp": 120,
    "level": 17
  },
  {
    "name": "Skeleton",
    "minExp": 60,
    "maxExp": 80,
    "level": 15
  },
  {
    "name": "Skeleton_Poison",
    "minExp": 100,
    "maxExp": 150,
    "level": 20
  },
  {
    "name": "Skeleton_NoArcher",
    "minExp": 60,
    "maxExp": 80,
    "level": 18
  },
  {
    "name": "Ghost",
    "minExp": 80,
    "maxExp": 120,
    "level": 20
  },
  {
    "name": "Troll",
    "minExp": 300,
    "maxExp": 500,
    "level": 25
  },
  {
    "name": "Blob",
    "minExp": 120,
    "maxExp": 180,
    "level": 28
  },
  {
    "name": "Leech",
    "minExp": 120,
    "maxExp": 180,
    "level": 28
  },
  {
    "name": "Wraith",
    "minExp": 200,
    "maxExp": 250,
    "level": 32
  },
  {
    "name": "Draugr",
    "minExp": 100,
    "maxExp": 150,
    "level": 30
  },
  {
    "name": "Draugr_Ranged",
    "minExp": 180,
    "maxExp": 220,
    "level": 32
  },
  {
    "name": "Surtling",
    "minExp": 100,
    "maxExp": 130,
    "level": 28
  },
  {
    "name": "Draugr_Elite",
    "minExp": 300,
    "maxExp": 500,
    "level": 35
  },
  {
    "name": "BlobElite",
    "minExp": 180,
    "maxExp": 250,
    "level": 32
  },
  {
    "name": "Abomination",
    "minExp": 400,
    "maxExp": 600,
    "level": 40
  },
  {
    "name": "Bat",
    "minExp": 140,
    "maxExp": 180,
    "level": 35
  },
  {
    "name": "Wolf",
    "minExp": 250,
    "maxExp": 350,
    "level": 40
  },
  {
    "name": "Fenring",
    "minExp": 300,
    "maxExp": 400,
    "level": 45
  },
  {
    "name": "Cultist",
    "minExp": 300,
    "maxExp": 400,
    "level": 43
  },
  {
    "name": "Ulv",
    "minExp": 300,
    "maxExp": 400,
    "level": 43
  },
  {
    "name": "Hatchling",
    "minExp": 250,
    "maxExp": 300,
    "level": 40
  },
  {
    "name": "StoneGolem",
    "minExp": 600,
    "maxExp": 700,
    "level": 45
  },
  {
    "name": "Serpent",
    "minExp": 400,
    "maxExp": 500,
    "level": 30
  },
  {
    "name": "BlobTar",
    "minExp": 350,
    "maxExp": 450,
    "level": 50
  },
  {
    "name": "Goblin",
    "minExp": 350,
    "maxExp": 450,
    "level": 50
  },
  {
    "name": "GoblinArcher",
    "minExp": 380,
    "maxExp": 480,
    "level": 52
  },
  {
    "name": "Deathsquito",
    "minExp": 200,
    "maxExp": 300,
    "level": 50
  },
  {
    "name": "Lox",
    "minExp": 500,
    "maxExp": 700,
    "level": 55
  },
  {
    "name": "GoblinBrute",
    "minExp": 450,
    "maxExp": 650,
    "level": 57
  },
  {
    "name": "GoblinShaman",
    "minExp": 300,
    "maxExp": 400,
    "level": 54
  },
  {
    "name": "Seeker",
    "minExp": 700,
    "maxExp": 900,
    "level": 61
  },
  {
    "name": "SeekerBrood",
    "minExp": 400,
    "maxExp": 600,
    "level": 60
  },
  {
    "name": "SeekerBrute",
    "minExp": 950,
    "maxExp": 1250,
    "level": 62
  },
  {
    "name": "Gjall",
    "minExp": 1000,
    "maxExp": 1800,
    "level": 66
  },
  {
    "name": "Tick",
    "minExp": 180,
    "maxExp": 240,
    "level": 60
  },
  {
    "name": "Hare",
    "minExp": 10,
    "maxExp": 20,
    "level": 6
  },
  {
    "name": "Hen",
    "minExp": 10,
    "maxExp": 20,
    "level": 6
  },
  {
    "name": "Chick",
    "minExp": 5,
    "maxExp": 10,
    "level": 3
  },
  {
    "name": "SeekerQueen",
    "minExp": 3200,
    "maxExp": 4500,
    "level": 69
  },
  {
    "name": "Eikthyr",
    "minExp": 150,
    "maxExp": 200,
    "level": 15
  },
  {
    "name": "gd_king",
    "minExp": 300,
    "maxExp": 500,
    "level": 29
  },
  {
    "name": "Bonemass",
    "minExp": 700,
    "maxExp": 900,
    "level": 39
  },
  {
    "name": "Dragon",
    "minExp": 1000,
    "maxExp": 1400,
    "level": 49
  },
  {
    "name": "GoblinKing",
    "minExp": 1500,
    "maxExp": 3000,
    "level": 59
  }
]