
[
    {
        "BossPrefabName" : "SvartalfarQueen",
        "Health"         : 15000,
        "Attacks"        : [
            {
                "AttackName" : "SvartalfarQueenGreatSword",
                "AttackAnimation" : "battleaxe_attack",
                "AiAttackRange"   : 4,
                "AiAttackRangeMin" : 0,
                "AiAttackInterval" : 4,
                "Damages"          : {
                    "m_damage" : 0,
                    "m_blunt"  : 0,
                    "m_slash"  : 180,
                    "m_pierce" : 0,
                    "m_chop"   : 70,
                    "m_pickaxe" : 0,
                    "m_fire"    : 0,
                    "m_frost"   : 50,
                    "m_lightning" : 0,
                    "m_poison"    : 0,
                    "m_spirit"    : 0
                }
            },
            {
                "AttackName" : "SvartalfarQueenBow",
                "AttackAnimation" : "bow_fire",
                "AiAttackRange"   : 50,
                "AiAttackRangeMin" : 3,
                "AiAttackInterval" : 6,
                "Damages"          : {
                    "m_damage" : 0,
                    "m_blunt"  : 0,
                    "m_slash"  : 0,
                    "m_pierce" : 130,
                    "m_chop"   : 0,
                    "m_pickaxe" : 0,
                    "m_fire"    : 0,
                    "m_frost"   : 50,
                    "m_lightning" : 0,
                    "m_poison"    : 0,
                    "m_spirit"    : 0
                }
            },
            {
                "AttackName" : "SvartalfarQueen_rootspawn",
                "AttackAnimation" : "throw_bomb",
                "AiAttackRange"   : 30,
                "AiAttackRangeMin" : 0,
                "AiAttackInterval" : 25,
                "Damages"          : null
            },
            {
                "AttackName" : "SvarTentaRoot_attack",
                "AttackAnimation" : null,
                "AiAttackRange"   : 4,
                "AiAttackRangeMin" : 0,
                "AiAttackInterval" : 3,
                "Damages"          : {
                    "m_damage" : 0,
                    "m_blunt"  : 100,
                    "m_slash"  : 0,
                    "m_pierce" : 0,
                    "m_chop"   : 20,
                    "m_pickaxe" : 20,
                    "m_fire"    : 0,
                    "m_frost"   : 0,
                    "m_lightning" : 0,
                    "m_poison"    : 0,
                    "m_spirit"    : 0
                }
            },
            {
                "AttackName" : "SvartalfarQueenBowArrowStorm",
                "AttackAnimation" : "bow_fire",
                "AiAttackRange"   : 50,
                "AiAttackRangeMin" : 3,
                "AiAttackInterval" : 10,
                "Damages"          : null
            },
            {
                "AttackName" : "bow_projectile_svar",
                "AttackAnimation" : null,
                "AiAttackRange"   : 0,
                "AiAttackRangeMin" : 0,
                "AiAttackInterval" : 0,
                "Damages"          : {
                    "m_damage" : 0,
                    "m_blunt"  : 0,
                    "m_slash"  : 0,
                    "m_pierce" : 130,
                    "m_chop"   : 0,
                    "m_pickaxe" : 0,
                    "m_fire"    : 0,
                    "m_frost"   : 50,
                    "m_lightning" : 0,
                    "m_poison"    : 0,
                    "m_spirit"    : 0
                }
            }
        ]
    },
    {
        "BossPrefabName" : "Jotunn",
        "Health"         : 22500,
        "Attacks"        : [
            {
                "AttackName" : "Jotunn_Groundslam",
                "AttackAnimation" : "punch",
                "AiAttackRange"   : 5,
                "AiAttackRangeMin" : 0,
                "AiAttackInterval" : 5,
                "Damages"          : {
                    "m_damage" : 0,
                    "m_blunt"  : 340,
                    "m_slash"  : 0,
                    "m_pierce" : 0,
                    "m_chop"   : 150,
                    "m_pickaxe" : 150,
                    "m_fire"    : 0,
                    "m_frost"   : 0,
                    "m_lightning" : 0,
                    "m_poison"    : 0,
                    "m_spirit"    : 0
                }
            },
            {
                "AttackName" : "Jotunn_Groundslam2",
                "AttackAnimation" : "punch",
                "AiAttackRange"   : 5,
                "AiAttackRangeMin" : 0,
                "AiAttackInterval" : 12,
                "Damages"          : {
                    "m_damage" : 0,
                    "m_blunt"  : 280,
                    "m_slash"  : 0,
                    "m_pierce" : 0,
                    "m_chop"   : 150,
                    "m_pickaxe" : 150,
                    "m_fire"    : 0,
                    "m_frost"   : 0,
                    "m_lightning" : 0,
                    "m_poison"    : 0,
                    "m_spirit"    : 0
                }
            },
            {
                "AttackName" : "Jotunn_Shoot",
                "AttackAnimation" : "throw",
                "AiAttackRange"   : 50,
                "AiAttackRangeMin" : 15,
                "AiAttackInterval" : 6,
                "Damages"          : {
                    "m_damage" : 0,
                    "m_blunt"  : 340,
                    "m_slash"  : 0,
                    "m_pierce" : 0,
                    "m_chop"   : 150,
                    "m_pickaxe" : 150,
                    "m_fire"    : 0,
                    "m_frost"   : 0,
                    "m_lightning" : 0,
                    "m_poison"    : 0,
                    "m_spirit"    : 0
                }
            }
        ]
    },
    {
        "BossPrefabName" : "HelDemon",
        "Health"         : 30000,
        "Attacks"        : [
            {
                "AttackName" : "BlazingMace",
                "AttackAnimation" : "swing_axe2",
                "AiAttackRange"   : 4,
                "AiAttackRangeMin" : 0,
                "AiAttackInterval" : 4,
                "Damages"          : {
                    "m_damage" : 0,
                    "m_blunt"  : 120,
                    "m_slash"  : 60,
                    "m_pierce" : 80,
                    "m_chop"   : 0,
                    "m_pickaxe" : 0,
                    "m_fire"    : 200,
                    "m_frost"   : 0,
                    "m_lightning" : 0,
                    "m_poison"    : 0,
                    "m_spirit"    : 0
                }
            },
            {
                "AttackName" : "BlazingMace2",
                "AttackAnimation" : "battleaxe_attack1",
                "AiAttackRange"   : 4,
                "AiAttackRangeMin" : 0,
                "AiAttackInterval" : 4,
                "Damages"          : {
                    "m_damage" : 0,
                    "m_blunt"  : 220,
                    "m_slash"  : 0,
                    "m_pierce" : 0,
                    "m_chop"   : 0,
                    "m_pickaxe" : 0,
                    "m_fire"    : 160,
                    "m_frost"   : 0,
                    "m_lightning" : 0,
                    "m_poison"    : 0,
                    "m_spirit"    : 0
                }
            },
            {
                "AttackName" : "BlazingMace3",
                "AttackAnimation" : "jump_attack",
                "AiAttackRange"   : 4,
                "AiAttackRangeMin" : 0,
                "AiAttackInterval" : 20,
                "Damages"          : {
                    "m_damage" : 0,
                    "m_blunt"  : 120,
                    "m_slash"  : 0,
                    "m_pierce" : 0,
                    "m_chop"   : 0,
                    "m_pickaxe" : 0,
                    "m_fire"    : 100,
                    "m_frost"   : 0,
                    "m_lightning" : 0,
                    "m_poison"    : 0,
                    "m_spirit"    : 0
                }
            },
            {
                "AttackName" : "BlazingMace4",
                "AttackAnimation" : "swing_sledge",
                "AiAttackRange"   : 4,
                "AiAttackRangeMin" : 0,
                "AiAttackInterval" : 24,
                "Damages"          : {
                    "m_damage" : 0,
                    "m_blunt"  : 180,
                    "m_slash"  : 0,
                    "m_pierce" : 0,
                    "m_chop"   : 0,
                    "m_pickaxe" : 0,
                    "m_fire"    : 60,
                    "m_frost"   : 0,
                    "m_lightning" : 0,
                    "m_poison"    : 0,
                    "m_spirit"    : 0
                }
            },
            {
                "AttackName" : "Blazing_Nova",
                "AttackAnimation" : "cast2",
                "AiAttackRange"   : 10,
                "AiAttackRangeMin" : 0,
                "AiAttackInterval" : 45,
                "Damages"          : {
                    "m_damage" : 0,
                    "m_blunt"  : 140,
                    "m_slash"  : 0,
                    "m_pierce" : 200,
                    "m_chop"   : 0,
                    "m_pickaxe" : 0,
                    "m_fire"    : 100,
                    "m_frost"   : 0,
                    "m_lightning" : 0,
                    "m_poison"    : 0,
                    "m_spirit"    : 0
                }
            },
            {
                "AttackName" : "Blazing_Shoot",
                "AttackAnimation" : "cast1",
                "AiAttackRange"   : 50,
                "AiAttackRangeMin" : 15,
                "AiAttackInterval" : 6,
                "Damages"          : {
                    "m_damage" : 0,
                    "m_blunt"  : 340,
                    "m_slash"  : 0,
                    "m_pierce" : 0,
                    "m_chop"   : 150,
                    "m_pickaxe" : 150,
                    "m_fire"    : 0,
                    "m_frost"   : 0,
                    "m_lightning" : 0,
                    "m_poison"    : 0,
                    "m_spirit"    : 0
                }
            },
            {
                "AttackName" : "Blazing_Meteors",
                "AttackAnimation" : "cast2",
                "AiAttackRange"   : 30,
                "AiAttackRangeMin" : 0,
                "AiAttackInterval" : 60,
                "Damages"          : null
            },
            {
                "AttackName" : "projectile_meteor_blazing",
                "AttackAnimation" : null,
                "AiAttackRange"   : 0,
                "AiAttackRangeMin" : 0,
                "AiAttackInterval" : 0,
                "Damages"          : {
                    "m_damage" : 0,
                    "m_blunt"  : 300,
                    "m_slash"  : 0,
                    "m_pierce" : 0,
                    "m_chop"   : 50,
                    "m_pickaxe" : 50,
                    "m_fire"    : 200,
                    "m_frost"   : 0,
                    "m_lightning" : 0,
                    "m_poison"    : 0,
                    "m_spirit"    : 0
                }
            }
        ]
    },
    {
        "BossPrefabName" : "Golden_Greydwarf_Miniboss",
        "Health"         : 650,
        "Attacks"        : [
            {
                "AttackName" : "Greydwarf_elite_attack_gold",
                "AttackAnimation" : "attack",
                "AiAttackRange"   : 1.8,
                "AiAttackRangeMin" : 0,
                "AiAttackInterval" : 2,
                "Damages"          : {
                    "m_damage" : 0,
                    "m_blunt"  : 0,
                    "m_slash"  : 60,
                    "m_pierce" : 0,
                    "m_chop"   : 0,
                    "m_pickaxe" : 0,
                    "m_fire"    : 0,
                    "m_frost"   : 0,
                    "m_lightning" : 0,
                    "m_poison"    : 0,
                    "m_spirit"    : 0
                }
            }
        ]
    },
    {
        "BossPrefabName" : "Golden_Troll_Miniboss",
        "Health"         : 900,
        "Attacks"        : [
            {
                "AttackName" : "troll_punch",
                "AttackAnimation" : "punch",
                "AiAttackRange"   : 4,
                "AiAttackRangeMin" : 0,
                "AiAttackInterval" : 4,
                "Damages"          : {
                    "m_damage" : 0,
                    "m_blunt"  : 60,
                    "m_slash"  : 0,
                    "m_pierce" : 0,
                    "m_chop"   : 100,
                    "m_pickaxe" : 40,
                    "m_fire"    : 0,
                    "m_frost"   : 0,
                    "m_lightning" : 0,
                    "m_poison"    : 0,
                    "m_spirit"    : 0
                }
            },
            {
                "AttackName" : "troll_groundslam",
                "AttackAnimation" : "attack",
                "AiAttackRange"   : 5,
                "AiAttackRangeMin" : 0,
                "AiAttackInterval" : 20,
                "Damages"          : {
                    "m_damage" : 0,
                    "m_blunt"  : 70,
                    "m_slash"  : 0,
                    "m_pierce" : 0,
                    "m_chop"   : 100,
                    "m_pickaxe" : 40,
                    "m_fire"    : 0,
                    "m_frost"   : 0,
                    "m_lightning" : 0,
                    "m_poison"    : 0,
                    "m_spirit"    : 0
                }
            },
            {
                "AttackName" : "troll_throw",
                "AttackAnimation" : "throw",
                "AiAttackRange"   : 20,
                "AiAttackRangeMin" : 8,
                "AiAttackInterval" : 10,
                "Damages"          : {
                    "m_damage" : 0,
                    "m_blunt"  : 50,
                    "m_slash"  : 0,
                    "m_pierce" : 0,
                    "m_chop"   : 60,
                    "m_pickaxe" : 40,
                    "m_fire"    : 0,
                    "m_frost"   : 0,
                    "m_lightning" : 0,
                    "m_poison"    : 0,
                    "m_spirit"    : 0
                }
            }
        ]
    },
    {
        "BossPrefabName" : "Golden_Wraith_Miniboss",
        "Health"         : 1500,
        "Attacks"        : [
            {
                "AttackName" : "wraith_melee_gold",
                "AttackAnimation" : "attack",
                "AiAttackRange"   : 1.8,
                "AiAttackRangeMin" : 0,
                "AiAttackInterval" : 2,
                "Damages"          : {
                    "m_damage" : 0,
                    "m_blunt"  : 0,
                    "m_slash"  : 120,
                    "m_pierce" : 0,
                    "m_chop"   : 0,
                    "m_pickaxe" : 0,
                    "m_fire"    : 0,
                    "m_frost"   : 0,
                    "m_lightning" : 0,
                    "m_poison"    : 0,
                    "m_spirit"    : 0
                }
            }
        ]
    }
]